{
  "name": "bootstrap-theme-cosmo",
  "version": "3.1.1",
  "authors": [
    "Tom Vincent <git@tlvince.com>"
  ],
  "description": "Bootswatch Cosmo Bootstrap theme",
  "main": "cosmo.min.css",
  "keywords": [
    "bootstrap",
    "cosmo",
    "theme",
    "bootswatch"
  ],
  "license": "MIT",
  "homepage": "http://bootswatch.com/cosmo",
  "_release": "3.1.1",
  "_resolution": {
    "type": "version",
    "tag": "3.1.1",
    "commit": "9257c7af87bc07b4f5fa3a6f63895575fd83228e"
  },
  "_source": "https://github.com/tlvince/bootstrap-theme-cosmo.git",
  "_target": "3.1.1",
  "_originalSource": "bootstrap-theme-cosmo"
}